invoice_id,account_id,amount,currency,charged_on,status,failure_reason,card_last4
INV-6001,A1001,49.0,USD,2026-08-01,paid,,8727
INV-6002,A1001,49.0,USD,2026-09-01,paid,,8727
INV-6003,A1001,49.0,USD,2026-10-01,paid,,8727
INV-6004,A1002,49.0,USD,2026-08-01,paid,,6932
INV-6005,A1002,49.0,USD,2026-09-01,paid,,6932
INV-6006,A1002,49.0,USD,2026-10-01,paid,,6932
INV-6007,A1003,4116.0,INR,2026-08-01,paid,,7177
INV-6008,A1003,4116.0,INR,2026-09-01,paid,,7177
INV-6009,A1003,4116.0,INR,2026-10-01,paid,,7177
INV-6010,A1004,199.0,USD,2026-08-01,paid,,9641
INV-6011,A1004,199.0,USD,2026-09-01,paid,,9641
INV-6012,A1004,199.0,USD,2026-10-01,failed,card_declined,9641
INV-6013,A1005,4116.0,INR,2026-08-01,paid,,1160
INV-6014,A1005,4116.0,INR,2026-09-01,paid,,1160
INV-6015,A1005,4116.0,INR,2026-10-01,paid,,1160
INV-6016,A1005,4116.0,INR,2026-10-01,paid,,1160
INV-6017,A1006,199.0,USD,2026-08-01,paid,,9440
INV-6018,A1006,199.0,USD,2026-09-01,paid,,9440
INV-6019,A1006,199.0,USD,2026-10-01,paid,,9440
INV-6020,A1006,99.5,USD,2026-09-22,paid,,9440
INV-6021,A1007,49.0,USD,2026-08-01,paid,,5804
INV-6022,A1007,49.0,USD,2026-09-01,paid,,5804
INV-6023,A1007,49.0,USD,2026-10-01,paid,,5804
INV-6024,A1007,24.5,USD,2026-09-21,paid,,5804
INV-6025,A1008,49.0,USD,2026-08-01,paid,,0993
INV-6026,A1008,49.0,USD,2026-09-01,failed,insufficient_funds,0993
INV-6027,A1008,49.0,USD,2026-10-01,failed,card_declined,0993
INV-6028,A1009,16716.0,INR,2026-08-01,paid,,2296
INV-6029,A1009,16716.0,INR,2026-09-01,paid,,2296
INV-6030,A1009,16716.0,INR,2026-10-01,paid,,2296
INV-6031,A1011,999.0,USD,2026-08-01,paid,,3872
INV-6032,A1011,999.0,USD,2026-09-01,paid,,3872
INV-6033,A1011,999.0,USD,2026-10-01,paid,,3872
INV-6034,A1012,49.0,USD,2026-08-01,paid,,6396
INV-6035,A1013,49.0,USD,2026-08-01,paid,,7973
INV-6036,A1013,49.0,USD,2026-09-01,paid,,7973
INV-6037,A1013,49.0,USD,2026-10-01,paid,,7973
INV-6038,A1014,16716.0,INR,2026-08-01,paid,,5138
INV-6039,A1014,16716.0,INR,2026-09-01,paid,,5138
INV-6040,A1014,16716.0,INR,2026-10-01,paid,,5138
INV-6041,A1016,49.0,USD,2026-08-01,paid,,4033
INV-6042,A1016,49.0,USD,2026-09-01,paid,,4033
INV-6043,A1016,49.0,USD,2026-10-01,failed,card_declined,4033
INV-6044,A1017,4116.0,INR,2026-08-01,paid,,4272
INV-6045,A1017,4116.0,INR,2026-09-01,paid,,4272
INV-6046,A1017,4116.0,INR,2026-10-01,paid,,4272
INV-6047,A1018,49.0,USD,2026-08-01,paid,,7491
INV-6048,A1018,49.0,USD,2026-09-01,paid,,7491
INV-6049,A1018,49.0,USD,2026-10-01,paid,,7491
INV-6050,A1020,199.0,USD,2026-08-01,paid,,6054
INV-6051,A1020,199.0,USD,2026-09-01,paid,,6054
INV-6052,A1020,199.0,USD,2026-10-01,failed,card_declined,6054
INV-6053,A1021,49.0,USD,2026-08-01,paid,,0128
INV-6054,A1021,49.0,USD,2026-09-01,paid,,0128
INV-6055,A1021,49.0,USD,2026-10-01,failed,card_declined,0128
INV-6056,A1022,199.0,USD,2026-08-01,paid,,1891
INV-6057,A1022,199.0,USD,2026-09-01,paid,,1891
INV-6058,A1022,199.0,USD,2026-10-01,paid,,1891
INV-6059,A1023,16716.0,INR,2026-08-01,paid,,4325
INV-6060,A1023,16716.0,INR,2026-09-01,failed,insufficient_funds,4325
INV-6061,A1023,16716.0,INR,2026-10-01,failed,card_declined,4325
INV-6062,A1025,4116.0,INR,2026-08-01,paid,,9189
INV-6063,A1025,4116.0,INR,2026-09-01,paid,,9189
INV-6064,A1025,4116.0,INR,2026-10-01,paid,,9189
INV-6065,A1026,49.0,USD,2026-08-01,paid,,9052
INV-6066,A1027,199.0,USD,2026-08-01,paid,,5862
INV-6067,A1027,199.0,USD,2026-09-01,paid,,5862
INV-6068,A1027,199.0,USD,2026-10-01,failed,card_declined,5862
INV-6069,A1028,16716.0,INR,2026-08-01,paid,,2532
INV-6070,A1028,16716.0,INR,2026-09-01,paid,,2532
INV-6071,A1028,16716.0,INR,2026-10-01,paid,,2532
INV-6072,A1031,199.0,USD,2026-08-01,paid,,5000
INV-6073,A1031,199.0,USD,2026-09-01,paid,,5000
INV-6074,A1031,199.0,USD,2026-10-01,paid,,5000
INV-6075,A1032,999.0,USD,2026-08-01,paid,,4573
INV-6076,A1032,999.0,USD,2026-09-01,paid,,4573
INV-6077,A1032,999.0,USD,2026-10-01,paid,,4573
INV-6078,A1034,49.0,USD,2026-08-01,paid,,7149
INV-6079,A1034,49.0,USD,2026-09-01,paid,,7149
INV-6080,A1034,49.0,USD,2026-10-01,paid,,7149
INV-6081,A1035,16716.0,INR,2026-08-01,paid,,0027
INV-6082,A1035,16716.0,INR,2026-09-01,paid,,0027
INV-6083,A1035,16716.0,INR,2026-10-01,paid,,0027
INV-6084,A1037,83916.0,INR,2026-08-01,paid,,6691
INV-6085,A1037,83916.0,INR,2026-09-01,paid,,6691
INV-6086,A1037,83916.0,INR,2026-10-01,failed,card_declined,6691
INV-6087,A1038,199.0,USD,2026-08-01,paid,,2851
INV-6088,A1038,199.0,USD,2026-09-01,paid,,2851
INV-6089,A1038,199.0,USD,2026-10-01,paid,,2851
INV-6090,A1039,4116.0,INR,2026-08-01,paid,,9939
INV-6091,A1039,4116.0,INR,2026-09-01,paid,,9939
INV-6092,A1039,4116.0,INR,2026-10-01,failed,card_declined,9939
INV-6093,A1040,49.0,USD,2026-08-01,paid,,1389
INV-6094,A1040,49.0,USD,2026-09-01,paid,,1389
INV-6095,A1040,49.0,USD,2026-10-01,paid,,1389
