account_id,period,workflow_runs,api_calls_peak_per_min,seats_used
A1001,2026-09,5926,128,1
A1001,2026-10,937,118,1
A1002,2026-09,5027,117,5
A1002,2026-10,1064,300,5
A1003,2026-09,11431,150,2
A1003,2026-10,1940,301,3
A1004,2026-09,38059,299,3
A1004,2026-10,6704,435,8
A1005,2026-09,4057,144,1
A1005,2026-10,1166,168,3
A1006,2026-09,29520,467,7
A1006,2026-10,8313,489,19
A1007,2026-09,5943,116,4
A1007,2026-10,1104,71,4
A1008,2026-09,7288,163,1
A1008,2026-10,1877,178,1
A1009,2026-09,49128,520,4
A1009,2026-10,5989,276,15
A1010,2026-09,273,23,1
A1010,2026-10,1000,32,1
A1011,2026-09,460857,2081,4
A1011,2026-10,117519,2852,218
A1012,2026-09,7251,117,4
A1012,2026-10,0,0,1
A1013,2026-09,5632,73,3
A1013,2026-10,623,86,5
A1014,2026-09,9747,104,2
A1014,2026-10,3895,185,24
A1015,2026-09,761,51,1
A1015,2026-10,152,52,1
A1016,2026-09,11355,181,2
A1016,2026-10,1926,217,5
A1017,2026-09,3972,61,4
A1017,2026-10,857,57,3
A1018,2026-09,12027,132,3
A1018,2026-10,1912,180,3
A1019,2026-09,963,57,1
A1019,2026-10,171,58,1
A1020,2026-09,54193,527,5
A1020,2026-10,14399,696,8
A1021,2026-09,7419,202,3
A1021,2026-10,2301,223,5
A1022,2026-09,66769,434,22
A1022,2026-10,6932,695,9
A1023,2026-09,63408,369,10
A1023,2026-10,11443,622,7
A1024,2026-09,862,57,1
A1024,2026-10,154,50,1
A1025,2026-09,1017,72,3
A1025,2026-10,361,48,4
A1026,2026-09,15514,290,2
A1026,2026-10,0,0,5
A1027,2026-09,15744,60,12
A1027,2026-10,5494,249,2
A1028,2026-09,90687,903,12
A1028,2026-10,18588,953,14
A1029,2026-09,948,58,1
A1029,2026-10,190,45,1
A1030,2026-09,934,56,1
A1030,2026-10,162,55,1
A1031,2026-09,69247,686,8
A1031,2026-10,7796,713,12
A1032,2026-09,105730,1075,103
A1032,2026-10,26413,1330,248
A1033,2026-09,897,50,1
A1033,2026-10,193,46,1
A1034,2026-09,11225,222,1
A1034,2026-10,1395,148,3
A1035,2026-09,74290,352,19
A1035,2026-10,7710,319,14
A1036,2026-09,962,52,1
A1036,2026-10,166,45,1
A1037,2026-09,128478,1310,185
A1037,2026-10,55002,883,171
A1038,2026-09,48108,433,5
A1038,2026-10,7726,599,13
A1039,2026-09,3845,45,1
A1039,2026-10,503,30,5
A1040,2026-09,8900,149,2
A1040,2026-10,2120,197,2
