source_id,doc_type,title,authority_level,product_versions,last_updated,effective_from,deprecated_on,supersedes,provenance,synthetic
KB-ADV-001-3X,article,Exporting run history (3.x),1,3.x,2025-06-02,,,,template:mock,Y
KB-ADV-001,article,Exporting workflow run history,1,4.2+,2026-09-10,,,,template:mock,Y
KB-ADV-002,article,Branching and loops,1,4.x,2026-05-27,,,,template:mock,Y
KB-ADV-003,article,Environment variables and secrets,1,4.x,2026-06-03,,,,template:mock,Y
KB-ADV-004,article,Audit logs,1,4.x,2026-07-19,,,,template:mock,Y
KB-API-001,article,API authentication with scoped tokens,1,4.x,2026-08-20,,,,template:mock,Y
KB-API-002,article,Legacy API keys (3.x),1,3.x,2026-08-20,,2026-12-01,,template:mock,Y
KB-API-003,article,Rate limits and handling 429 errors,1,3.x;4.x,2026-07-01,,,,template:mock,Y
KB-API-004-3X,article,Verifying webhook signatures (3.x),1,3.x,2025-09-14,,,,template:mock,Y
KB-API-004,article,Verifying webhook signatures (4.x),1,4.x,2026-03-30,,,,template:mock,Y
KB-API-005,article,Connecting Salesforce,1,4.x,2026-02-12,,,,template:mock,Y
KB-API-006,article,Connecting Slack,1,3.x;4.x,2026-01-22,,,,template:mock,Y
KB-API-007,article,Listing runs with the REST API,1,4.x,2026-06-30,,,,template:mock,Y
KB-API-008,article,Rotating API tokens,1,4.x,2026-08-20,,,,template:mock,Y
KB-BIL-001,policy,Plans and limits,1,3.x;4.x,2026-07-01,,,,template:mock,Y
KB-BIL-002,article,Updating your payment method and failed payments,1,3.x;4.x,2026-06-11,,,,template:mock,Y
KB-BIL-003,article,Duplicate charges,1,3.x;4.x,2026-08-20,,,,template:mock,Y
KB-BIL-004,article,Invoices and receipts,1,3.x;4.x,2026-02-09,,,,template:mock,Y
KB-BIL-005,article,Upgrading or downgrading your plan,1,3.x;4.x,2026-05-03,,,,template:mock,Y
KB-GS-001,article,Creating your CloudFlow account,1,3.x;4.x,2026-03-12,,,,template:mock,Y
KB-GS-002,article,Building your first workflow,1,4.x,2026-05-20,,,,template:mock,Y
KB-GS-003,article,Understanding triggers and steps,1,3.x;4.x,2026-01-15,,,,template:mock,Y
KB-GS-004,article,Inviting team members and managing seats,1,3.x;4.x,2026-04-02,,,,template:mock,Y
KB-GS-005,article,Product versions: 3.x and 4.x,1,3.x;4.x,2026-08-28,,,,template:mock,Y
KB-POL-001,policy,Refund policy,1,3.x;4.x,2026-01-05,,,,template:mock,Y
KB-POL-002,policy,Support escalation and response times,1,3.x;4.x,2026-09-01,,,,template:mock,Y
KB-POL-003,policy,Account security and password resets,1,3.x;4.x,2026-04-18,,,,template:mock,Y
KB-TS-001,article,Error code reference,1,3.x;4.x,2026-08-01,,,,template:mock,Y
KB-TS-002,article,Fixing CF-503 errors in Salesforce steps,1,4.1+,2026-02-12,,,,template:mock,Y
KB-TS-003,article,Fixing CF-401 and CF-403 errors,1,4.x,2026-08-20,,,,template:mock,Y
KB-TS-004,article,Fixing CF-504 step timeouts,1,3.x;4.x,2026-05-14,,,,template:mock,Y
KB-TS-005,article,Workflow is not triggering,1,3.x;4.x,2026-04-09,,,,template:mock,Y
KB-TS-006,article,Webhook signature mismatch,1,4.x,2026-03-30,,,,template:mock,Y
KB-TS-007,article,CF-460: monthly run quota exhausted,1,3.x;4.x,2026-07-01,,,,template:mock,Y
KB-TS-008,article,Login and password reset problems,1,3.x;4.x,2026-04-18,,,,template:mock,Y
RN-4.1,release_note,Release notes 4.1,2,4.1+,2026-02-10,2026-02-10,,,template:mock,Y
RN-4.3,release_note,Release notes 4.3,2,4.3+,2026-07-15,2026-07-15,,,template:mock,Y
RN-DEP-001,release_note,Deprecation: legacy API keys,2,3.x;4.x,2026-08-20,2026-12-01,,KB-API-002,template:mock,Y
TKT-2025-0311,ticket,Salesforce step keeps failing with CF-503,4,4.0,2025-12-15,,,,template:mock,Y
TKT-2025-0420,ticket,How do I export run history in 4.0?,4,4.0,2025-12-02,,,,template:mock,Y
TKT-2025-0518,ticket,Which header do I use for API auth on a new integration?,4,4.0,2025-12-20,,,,template:mock,Y
TKT-2026-0102,ticket,Webhook signature check fails after upgrade,4,4.1,2026-03-04,,,,template:mock,Y
TKT-2026-0140,ticket,"Angry: charged twice this month, third email, wants a manager",4,4.2,2026-05-11,,,,template:mock,Y
TKT-2026-0155,ticket,"Angry: account suspended during a launch, workflows stopped",4,4.3,2026-07-22,,,,template:mock,Y
TKT-2026-0171,ticket,"Angry: says a teammate deleted workflows, demands data restore and com",4,4.3,2026-08-30,,,,template:mock,Y
TKT-2026-0201,ticket,How do I rotate an API token without downtime?,4,4.3,2026-09-12,,,,template:mock,Y
TKT-2026-0202,ticket,Getting CF-429 on the Pro plan,4,4.3,2026-09-03,,,,template:mock,Y
TKT-2026-0203,ticket,Runs stopped with CF-460,4,4.2,2026-08-18,,,,template:mock,Y
TKT-2026-0204,ticket,Step times out with CF-504 in a loop,4,4.3,2026-09-01,,,,template:mock,Y
TKT-2026-0205,ticket,Slack step cannot post to private channel,4,4.3,2026-08-07,,,,template:mock,Y
TKT-2026-0206,ticket,Where can I download invoices?,4,4.1,2026-06-22,,,,template:mock,Y
TKT-2026-0207,ticket,"Card declined, account shows past_due",4,4.3,2026-09-19,,,,template:mock,Y
TKT-2026-0208,ticket,Export run history on 3.8,4,3.8,2026-04-15,,,,template:mock,Y
TKT-2026-0209,ticket,CF-503 on Salesforce after 4.3 upgrade,4,4.3,2026-09-25,,,,template:mock,Y
TKT-2026-0210,ticket,Cannot invite a 6th member on Pro,4,4.3,2026-09-28,,,,template:mock,Y
TKT-2026-0211,ticket,How do I paginate runs via API?,4,4.3,2026-07-30,,,,template:mock,Y
TKT-2026-0212,ticket,Workflow not triggering on schedule,4,4.2,2026-06-02,,,,template:mock,Y
TKT-2026-0213,ticket,Forgot password and reset email not arriving,4,4.3,2026-08-25,,,,template:mock,Y
TKT-2026-0214,ticket,Where do I store API credentials for steps?,4,4.3,2026-09-09,,,,template:mock,Y
TKT-2026-0215,ticket,Refund request 20 days after charge,4,4.3,2026-09-14,,,,template:mock,Y
TKT-2026-0216,ticket,Can I see who changed a workflow?,4,4.3,2026-09-21,,,,template:mock,Y
TKT-2026-0217,ticket,CF-403 when listing runs,4,4.3,2026-09-30,,,,template:mock,Y
TKT-2026-0218,ticket,Should I upgrade from 3.8 to 4.x?,4,3.8,2026-09-02,,,,template:mock,Y
TKT-2026-0219,ticket,How many branches can a Branch step have?,4,4.3,2026-10-01,,,,template:mock,Y
